time_local,city,temp_c,humidity,pressure,weather,wind_speed,air_pm2_5,air_pm10,air_co,air_no2,air_o3,air_aqi,uv_index
2025-12-01 12:20:45 AM BDT,"Dhaka, BD",21.02,78,1014,mist,1.54,110.23,130.23,730.64,16.68,31.17,5,0
2025-12-01 01:12:02 AM BDT,"Dhaka, BD",21.02,73,1014,mist,2.06,112.58,131.22,733.12,15.49,28.42,5,0
2025-12-01 02:16:54 AM BDT,"Dhaka, BD",21.02,78,1013,mist,2.06,115.98,133.55,738.04,14.34,28.29,5,0
2025-12-01 03:13:20 AM BDT,"Dhaka, BD",20.02,83,1013,mist,1.54,119.53,136.07,735.72,13.19,30.48,5,0
2025-12-01 04:14:36 AM BDT,"Dhaka, BD",20.02,77,1013,mist,2.06,122.53,138.27,727.66,12.05,33.11,5,0
2025-12-01 05:14:03 AM BDT,"Dhaka, BD",20.02,77,1013,mist,1.54,126.47,142.29,737.07,11.66,30.31,5,0
2025-12-01 07:25:46 AM BDT,"Dhaka, BD",19.02,77,1015,mist,2.06,134.32,153.47,798.42,12.65,21.82,5,0.3289
2025-12-01 09:46:46 AM BDT,"Dhaka, BD",24.02,57,1016,haze,2.06,140.57,157.17,685.45,7.71,89.65,5,3.6077
2025-12-01 10:45:15 AM BDT,"Dhaka, BD",26.02,47,1015,haze,2.06,143.72,159.77,656.1,5.64,110.87,5,5.0569
2025-12-01 11:24:07 AM BDT,"Dhaka, BD",26.02,47,1015,haze,3.09,143.72,159.77,656.1,5.64,110.87,5,5.8586
2025-12-01 12:26:40 PM BDT,"Dhaka, BD",27.02,41,1013,haze,3.09,147.91,163.8,647.59,4.17,127.67,5,5.5811
2025-12-01 01:19:33 PM BDT,"Dhaka, BD",28.02,39,1012,scattered clouds,3.09,114.86,124.75,454.44,1.8,151.29,5,4.5636
2025-12-01 02:25:03 PM BDT,"Dhaka, BD",28.02,36,1011,haze,3.09,100.69,108.7,393.66,1.42,149.36,5,2.5696
2025-12-01 03:23:20 PM BDT,"Dhaka, BD",27.02,41,1011,haze,3.09,97.09,104.73,382.4,1.57,147.74,5,1.0587
2025-12-01 04:18:56 PM BDT,"Dhaka, BD",26.02,44,1011,haze,2.57,99.76,108.87,410.72,3.79,122.99,5,0.2364
2025-12-01 05:14:22 PM BDT,"Dhaka, BD",25.02,47,1011,haze,2.57,105.69,117.52,470.16,8.06,90.66,5,0
2025-12-01 06:34:12 PM BDT,"Dhaka, BD",24.02,53,1013,haze,2.57,116.72,134.22,599.3,15,57.29,5,0
2025-12-01 07:31:56 PM BDT,"Dhaka, BD",23.02,56,1013,haze,2.06,122.79,141.23,632.57,14.46,60.58,5,0
2025-12-01 08:17:12 PM BDT,"Dhaka, BD",23.02,56,1013,haze,2.06,122.79,141.23,632.57,14.46,60.58,5,0
2025-12-01 09:17:51 PM BDT,"Dhaka, BD",23.02,56,1014,haze,1.54,129.46,150.1,688.72,14.98,50.49,5,0
2025-12-01 10:22:24 PM BDT,"Dhaka, BD",23.02,56,1014,haze,0,134.85,156.77,726.92,14.92,43.02,5,0
2025-12-01 11:17:58 PM BDT,"Dhaka, BD",22.02,56,1014,haze,1.03,139.66,161.31,744.12,14.41,40.36,5,0
2025-12-02 12:26:07 AM BDT,"Dhaka, BD",22.02,60,1013,haze,1.54,143.87,163.71,726.05,12.99,42.06,5,0
2025-12-02 01:17:41 AM BDT,"Dhaka, BD",21.02,68,1013,haze,3.2,148.64,166.39,688.62,10.8,47.76,5,0
2025-12-02 02:16:39 AM BDT,"Dhaka, BD",21.02,68,1012,haze,2.57,154.92,171.48,664.37,9.07,51.1,5,0
2025-12-02 03:13:43 AM BDT,"Dhaka, BD",20.02,77,1012,mist,2.06,161.57,177.33,649.48,7.81,53.87,5,0
2025-12-02 04:14:03 AM BDT,"Dhaka, BD",20.02,77,1012,mist,2.57,167.6,182.87,643.55,6.97,51.56,5,0
2025-12-02 05:15:15 AM BDT,"Dhaka, BD",19.02,100,1012,mist,3.09,172.85,188.26,650.21,6.59,43.87,5,0
2025-12-02 07:14:16 AM BDT,"Dhaka, BD",20.02,77,1014,mist,2.06,181.75,200.62,700.53,8.17,30.35,5,0.2365
2025-12-02 09:14:59 AM BDT,"Dhaka, BD",21.02,64,1016,haze,3.09,189.77,212.41,784.16,9.9,31.71,5,2.7656
2025-12-02 10:26:20 AM BDT,"Dhaka, BD",24.02,53,1016,haze,3.09,194.45,211.69,650.2,6.7,91.04,5,4.8012
2025-12-02 11:16:02 AM BDT,"Dhaka, BD",25.02,44,1015,haze,4.12,192.93,209.41,622.79,5.86,104.65,5,5.5826
2025-12-02 12:25:57 PM BDT,"Dhaka, BD",26.02,41,1014,haze,3.09,191.36,207.75,610.51,5.35,113.34,5,5.5826
2025-12-02 01:18:17 PM BDT,"Dhaka, BD",26.02,41,1012,haze,2.57,158.15,170.98,491.45,3.51,138.18,5,4.5647
2025-12-02 02:23:47 PM BDT,"Dhaka, BD",26.02,41,1011,haze,2.06,134.91,145.62,428.27,2.83,142.55,5,2.5702
2025-12-02 03:21:42 PM BDT,"Dhaka, BD",25.02,44,1011,haze,3.09,126.68,136.81,408.85,2.81,142.06,5,1.0589
2025-12-02 04:18:16 PM BDT,"Dhaka, BD",25.02,47,1011,haze,2.57,129.7,141.48,437.37,5.08,122.44,5,0.2365
2025-12-02 05:15:43 PM BDT,"Dhaka, BD",24.02,50,1012,haze,2.57,137.01,151.87,500.33,9.46,96.42,5,0
2025-12-02 06:34:48 PM BDT,"Dhaka, BD",22.02,60,1013,haze,1.54,152.88,174.46,629.46,16.84,75.48,5,0
2025-12-02 07:33:14 PM BDT,"Dhaka, BD",22.02,64,1014,haze,0,160.83,186.14,698.39,18.79,70.77,5,0
2025-12-02 08:17:47 PM BDT,"Dhaka, BD",21.02,68,1014,haze,1.54,160.83,186.14,698.39,18.79,70.77,5,0
2025-12-02 09:18:28 PM BDT,"Dhaka, BD",21.02,68,1014,haze,1.54,171.15,199.25,759.18,18.86,59.03,5,0
2025-12-02 10:22:03 PM BDT,"Dhaka, BD",21.02,73,1015,mist,1.54,179.06,208.68,802.01,18.17,46.72,5,0
2025-12-02 11:19:25 PM BDT,"Dhaka, BD",20.02,77,1014,mist,1.54,186.02,216.11,833.88,17.47,38.56,5,0
2025-12-03 12:25:54 AM BDT,"Dhaka, BD",20.02,83,1014,mist,1.54,190.26,219.02,833.4,15.97,34.31,5,0
2025-12-03 01:16:20 AM BDT,"Dhaka, BD",20.02,77,1014,mist,2.06,191.66,218.22,809.51,13.58,34.03,5,0
2025-12-03 02:19:52 AM BDT,"Dhaka, BD",20.02,77,1013,mist,1.54,193.22,218.44,791.81,11.41,33.66,5,0
2025-12-03 03:16:05 AM BDT,"Dhaka, BD",19.02,77,1013,mist,1.54,194.1,218.62,784.2,9.75,32.38,5,0
2025-12-03 04:14:09 AM BDT,"Dhaka, BD",18.02,82,1013,mist,1.54,194.07,217.91,776.67,8.44,31.69,5,0
2025-12-03 05:14:52 AM BDT,"Dhaka, BD",18.02,77,1013,mist,2.57,194.32,217.12,775.76,7.56,32.95,5,0
2025-12-03 07:14:38 AM BDT,"Dhaka, BD",17.02,72,1015,haze,2.06,191.98,213.14,784.89,7.89,41.31,5,0.2365
2025-12-03 09:13:43 AM BDT,"Dhaka, BD",22.02,56,1017,haze,2.57,183.51,204.82,793.3,9.16,54.21,5,2.5709
2025-12-03 10:24:32 AM BDT,"Dhaka, BD",24.02,50,1017,haze,2.57,170.73,188.05,670.41,6.35,100.39,5,4.5659
2025-12-03 11:16:25 AM BDT,"Dhaka, BD",25.02,47,1016,haze,3.09,161.03,177.1,632.57,4.78,117.17,5,5.584
2025-12-03 12:25:23 PM BDT,"Dhaka, BD",26.02,44,1015,haze,3.6,153.86,168.8,595.8,3.47,135.44,5,5.584
2025-12-03 01:18:05 PM BDT,"Dhaka, BD",26.02,44,1014,haze,3.6,127.93,140.46,461.02,2.02,167.66,5,4.5659
2025-12-03 02:22:13 PM BDT,"Dhaka, BD",26.02,44,1014,haze,3.09,121.57,133.59,422.66,1.93,170.22,5,2.5709
2025-12-03 03:20:11 PM BDT,"Dhaka, BD",26.02,38,1013,haze,3.6,119.64,131.51,415.14,2.22,168.82,5,1.1723
2025-12-03 04:19:18 PM BDT,"Dhaka, BD",25.02,38,1013,haze,2.06,121.48,134.06,438.87,4.21,148.92,5,0.2365
2025-12-03 05:15:03 PM BDT,"Dhaka, BD",25.02,38,1014,haze,2.06,126.4,140.36,491,7.88,121.07,5,0
2025-12-03 06:34:04 PM BDT,"Dhaka, BD",23.02,46,1015,haze,2.06,139.17,156.65,614.94,13.7,88.49,5,0
2025-12-03 07:32:24 PM BDT,"Dhaka, BD",22.02,53,1016,haze,2.06,151.56,171.43,671.19,14.27,82.03,5,0
2025-12-03 08:17:26 PM BDT,"Dhaka, BD",21.02,56,1016,haze,2.06,151.56,171.43,671.19,14.27,82.03,5,0
2025-12-03 09:18:42 PM BDT,"Dhaka, BD",19.02,59,1016,haze,1.54,163.27,184.93,718.32,14.13,76.11,5,0
2025-12-03 10:22:43 PM BDT,"Dhaka, BD",19.02,68,1016,haze,0,172.83,195.97,753.46,13.72,68.53,5,0
2025-12-03 11:19:12 PM BDT,"Dhaka, BD",18.02,72,1016,haze,0,182.51,206.89,787.32,13.55,59.3,5,0
2025-12-04 12:25:58 AM BDT,"Dhaka, BD",18.02,77,1015,mist,0,190.39,214.7,795.1,12.75,52.06,5,0
2025-12-04 01:14:37 AM BDT,"Dhaka, BD",18.02,72,1015,mist,2.06,197.58,221.48,792.71,11.37,47.07,5,0
2025-12-04 02:18:53 AM BDT,"Dhaka, BD",18.02,72,1015,mist,2.06,205.54,228.91,794.71,10,45.31,5,0
2025-12-04 03:15:07 AM BDT,"Dhaka, BD",17.02,77,1015,mist,2.06,212.15,234.65,798.17,8.85,45.66,5,0
2025-12-04 04:15:58 AM BDT,"Dhaka, BD",17.02,77,1014,mist,2.06,216.97,238.36,795.9,7.86,47.19,5,0
2025-12-04 05:13:23 AM BDT,"Dhaka, BD",17.02,82,1015,mist,2.57,222.1,242.67,800.32,7.25,48.02,5,0
2025-12-04 07:14:26 AM BDT,"Dhaka, BD",16.02,88,1016,mist,2.06,227.31,247.96,828.66,8.08,49.99,5,0.2366
2025-12-04 09:15:42 AM BDT,"Dhaka, BD",21.02,78,1018,mist,1.54,223.8,246.21,878.7,9.43,57.55,5,2.5715
2025-12-04 10:26:25 AM BDT,"Dhaka, BD",23.02,78,1018,mist,2.06,215.27,235.45,791.52,6.37,114.65,5,4.567
2025-12-04 11:16:10 AM BDT,"Dhaka, BD",25.02,61,1017,haze,2.06,215.08,235.2,793.81,4.99,129.43,5,5.5853
2025-12-04 12:25:05 PM BDT,"Dhaka, BD",26.02,50,1015,haze,2.57,215.58,235.43,790.3,3.83,145.92,5,5.5853
2025-12-04 01:17:31 PM BDT,"Dhaka, BD",27.02,47,1014,haze,4.12,174.1,188.29,638.36,2.13,172.02,5,4.567
2025-12-04 02:23:02 PM BDT,"Dhaka, BD",27.02,47,1014,haze,3.09,147.25,158.8,561.2,1.75,170.19,5,2.5715
2025-12-04 03:20:16 PM BDT,"Dhaka, BD",27.02,47,1013,haze,2.57,138.76,149.5,535.36,1.84,168.05,5,1.0595
2025-12-04 04:19:33 PM BDT,"Dhaka, BD",26.02,47,1013,haze,3.09,138.5,149.73,551.05,3.37,153.23,5,0.2366
2025-12-04 05:15:39 PM BDT,"Dhaka, BD",24.02,53,1014,haze,2.57,144,156.51,597.19,6.73,129.5,5,0
2025-12-04 06:35:40 PM BDT,"Dhaka, BD",23.02,60,1016,haze,2.06,157.6,172.71,700.38,11.72,97.02,5,0
2025-12-04 07:33:17 PM BDT,"Dhaka, BD",22.02,68,1016,haze,1.54,163.97,180.81,756.9,12.21,84.11,5,0
2025-12-04 08:17:31 PM BDT,"Dhaka, BD",21.02,73,1016,haze,1.03,163.97,180.81,756.9,12.21,84.11,5,0
2025-12-04 09:18:58 PM BDT,"Dhaka, BD",21.02,78,1017,haze,1.03,174.94,192.5,795.72,11.62,83.39,5,0
2025-12-04 10:22:25 PM BDT,"Dhaka, BD",20.02,83,1017,mist,2.06,182.48,200.23,815.87,10.64,82.59,5,0
2025-12-04 11:18:59 PM BDT,"Dhaka, BD",20.02,83,1017,mist,2.06,188.68,206.41,832.42,9.93,80.31,5,0
2025-12-05 12:26:14 AM BDT,"Dhaka, BD",20.02,83,1017,mist,2.57,192.92,209.9,833.73,8.94,77.94,5,0
2025-12-05 01:15:25 AM BDT,"Dhaka, BD",19.02,88,1017,mist,2.06,195.7,211.81,824.73,7.77,75.55,5,0
2025-12-05 02:18:29 AM BDT,"Dhaka, BD",19.02,88,1016,mist,2.57,199.7,215.27,823.63,6.79,73.15,5,0
2025-12-05 03:15:34 AM BDT,"Dhaka, BD",19.02,88,1016,mist,2.57,203.77,218.87,823.25,6.02,70.89,5,0
2025-12-05 04:13:43 AM BDT,"Dhaka, BD",17.59,78,1016,clear sky,3.04,206.93,221.63,822.86,5.42,69.1,5,0
2025-12-05 05:14:58 AM BDT,"Dhaka, BD",18.02,88,1016,mist,2.57,211.47,225.91,827.58,5.06,67.86,5,0
2025-12-05 07:14:55 AM BDT,"Dhaka, BD",17.02,88,1017,mist,2.06,216.4,231.37,847.44,5.74,64.49,5,0.1955
2025-12-05 09:15:08 AM BDT,"Dhaka, BD",19.02,88,1019,mist,2.57,210.04,226.79,861.53,7.05,70.87,5,2.5721
2025-12-05 10:26:03 AM BDT,"Dhaka, BD",23.02,68,1019,haze,2.06,201.13,217.55,816.51,5.53,97.18,5,4.5681
2025-12-05 11:16:29 AM BDT,"Dhaka, BD",25.02,61,1018,haze,3.09,194.8,211.08,787.31,4.27,115.63,5,5.5866
2025-12-05 12:25:25 PM BDT,"Dhaka, BD",26.02,57,1016,haze,2.57,190.9,206.98,761.29,3.29,132.37,5,5.3191
2025-12-05 01:17:33 PM BDT,"Dhaka, BD",27.02,54,1015,haze,3.09,144.42,155.88,606.56,1.96,149.79,5,4.5681
2025-12-05 02:21:41 PM BDT,"Dhaka, BD",27.02,44,1014,haze,3.09,121.75,131.29,540.88,1.7,150.89,5,2.5721
2025-12-05 03:17:21 PM BDT,"Dhaka, BD",27.02,36,1014,haze,3.09,114.65,123.73,520.43,1.88,150.77,5,1.1729
2025-12-05 04:17:37 PM BDT,"Dhaka, BD",26.02,36,1014,haze,3.09,114.71,124.36,529.38,3.44,138.07,5,0.2778
2025-12-05 05:15:16 PM BDT,"Dhaka, BD",24.02,50,1014,haze,1.54,119.43,130.32,564.73,6.45,117.65,5,0
2025-12-05 06:33:08 PM BDT,"Dhaka, BD",23.02,60,1016,haze,1.03,129.84,143.32,642.56,11.14,93.67,5,0
2025-12-05 07:28:56 PM BDT,"Dhaka, BD",22.02,64,1016,haze,1.03,123.29,135.97,616.84,10.47,95.98,5,0
2025-12-05 08:16:41 PM BDT,"Dhaka, BD",21.02,68,1016,haze,1.54,131.35,145.66,661.74,11.42,89.61,5,0
2025-12-05 09:17:24 PM BDT,"Dhaka, BD",20.02,73,1017,haze,1.54,140.47,156.14,700.45,11.62,84.36,5,0
2025-12-05 10:20:22 PM BDT,"Dhaka, BD",20.02,68,1017,haze,2.57,147.59,164.11,723.55,11.23,79.86,5,0
2025-12-05 11:15:30 PM BDT,"Dhaka, BD",20.02,68,1017,haze,1.54,154.71,171.45,739.6,10.69,77.53,5,0
2025-12-06 12:21:26 AM BDT,"Dhaka, BD",19.02,72,1016,haze,2.06,160.35,176.47,740.39,9.88,75.73,5,0
2025-12-06 01:12:42 AM BDT,"Dhaka, BD",18.02,77,1016,haze,3.09,164.24,179.54,732.17,8.7,73.44,5,0
2025-12-06 02:17:50 AM BDT,"Dhaka, BD",18.02,77,1016,haze,2.57,168.07,182.84,725.88,7.69,72.05,5,0
2025-12-06 03:14:38 AM BDT,"Dhaka, BD",18.02,77,1015,haze,2.57,171.22,185.63,718.1,6.92,71.29,5,0
2025-12-06 04:14:58 AM BDT,"Dhaka, BD",17.02,77,1015,haze,2.06,173.3,187.44,711.93,6.43,68.73,5,0
2025-12-06 05:15:03 AM BDT,"Dhaka, BD",17.02,77,1016,haze,2.06,176.45,190.66,719.87,6.34,63.18,5,0
2025-12-06 07:11:03 AM BDT,"Dhaka, BD",16.02,82,1018,mist,1.54,182.48,198.26,759.67,7.59,52.05,5,0.1955
2025-12-06 09:05:53 AM BDT,"Dhaka, BD",20.02,68,1019,haze,2.57,188.83,207.16,808.62,8.19,57.61,5,2.2125
2025-12-06 10:17:57 AM BDT,"Dhaka, BD",21.02,64,1019,haze,2.06,196.02,213.86,788.44,6.26,94.37,5,4.3221
2025-12-06 11:15:05 AM BDT,"Dhaka, BD",24.02,53,1018,haze,2.06,201.32,218.67,775.01,4.79,118.01,5,5.3204
2025-12-06 12:21:52 PM BDT,"Dhaka, BD",26.02,38,1016,haze,3.6,207.38,224.29,765.28,3.65,138.78,5,5.5879
2025-12-06 01:14:19 PM BDT,"Dhaka, BD",26.02,38,1015,haze,2.57,157.66,169.67,592.63,2.04,160.96,5,4.5691
2025-12-06 02:19:33 PM BDT,"Dhaka, BD",27.02,34,1014,haze,2.57,130.21,139.99,512.04,1.64,159.43,5,2.7682
2025-12-06 03:15:28 PM BDT,"Dhaka, BD",26.02,38,1014,haze,3.09,123.48,132.71,490.43,1.74,157.3,5,1.1732
2025-12-06 04:15:10 PM BDT,"Dhaka, BD",26.02,38,1014,haze,2.57,122.68,132.47,507.08,3.28,136.74,5,0.2779
2025-12-06 05:12:10 PM BDT,"Dhaka, BD",23.02,46,1014,haze,2.57,127.21,138.29,548.7,6.26,108.99,5,0
2025-12-06 06:29:38 PM BDT,"Dhaka, BD",23.02,53,1015,haze,1.03,133.98,146.48,597.84,9.11,90.77,5,0
2025-12-06 07:22:45 PM BDT,"Dhaka, BD",21.02,60,1016,haze,1.54,129.55,141.47,585.43,8.95,94.86,5,0
2025-12-06 08:13:23 PM BDT,"Dhaka, BD",21.02,68,1016,haze,1.54,138.35,151.63,632.39,9.8,87.06,5,0
2025-12-06 09:13:57 PM BDT,"Dhaka, BD",21.02,68,1017,haze,1.03,148.01,162.38,675.31,10.12,81.07,5,0
2025-12-06 10:17:33 PM BDT,"Dhaka, BD",20.02,73,1017,haze,1.54,155.45,170.48,704.01,10,75.58,5,0
2025-12-06 11:12:50 PM BDT,"Dhaka, BD",19.02,100,1016,haze,1.54,162.97,178.35,728.51,9.81,71.57,5,0
2025-12-07 12:20:20 AM BDT,"Dhaka, BD",19.02,72,1016,haze,1.54,169.76,184.72,736.29,9.18,68.17,5,0
2025-12-07 01:11:43 AM BDT,"Dhaka, BD",18.02,77,1016,haze,2.57,175.67,190.02,734.36,8.13,65.52,5,0
2025-12-07 02:16:23 AM BDT,"Dhaka, BD",18.02,77,1016,haze,1.54,182.32,196.1,732.2,7.05,65.74,5,0
2025-12-07 03:13:09 AM BDT,"Dhaka, BD",18.02,77,1016,haze,1.54,188.43,201.72,729.3,6.2,66.99,5,0
2025-12-07 04:14:11 AM BDT,"Dhaka, BD",17.02,82,1015,haze,1.54,193.41,206.3,727.31,5.54,68.18,5,0
2025-12-07 05:14:18 AM BDT,"Dhaka, BD",16.77,76,1016,scattered clouds,2.17,198.91,211.58,734.31,5.24,66.78,5,0
2025-12-07 07:21:31 AM BDT,"Dhaka, BD",17.02,82,1017,mist,2.57,207.02,220.37,773.64,5.93,61.77,5,0.2779
2025-12-07 09:23:22 AM BDT,"Dhaka, BD",20.02,73,1019,haze,4.12,212.78,228.15,827.86,6.78,66.29,5,2.7688
2025-12-07 10:29:39 AM BDT,"Dhaka, BD",23.02,60,1018,haze,2.06,220.48,235.94,835.9,5.23,95.55,5,4.5701
2025-12-07 11:14:19 AM BDT,"Dhaka, BD",24.02,60,1018,haze,2.06,224.3,239.79,838.16,4.07,114.69,5,5.3215
2025-12-07 12:22:03 PM BDT,"Dhaka, BD",26.02,41,1016,haze,2.57,228.24,243.72,835.31,3.19,130.79,5,5.3215
2025-12-07 01:14:34 PM BDT,"Dhaka, BD",26.02,41,1015,clear sky,2.57,179.25,190.88,676.79,1.86,150.68,5,4.5701
2025-12-07 02:18:55 PM BDT,"Dhaka, BD",26.02,38,1014,clear sky,1.54,150.68,160.37,587.1,1.54,150.36,5,2.7688
2025-12-07 03:15:14 PM BDT,"Dhaka, BD",26.02,44,1014,haze,2.57,143.18,152.46,563.11,1.68,149.28,5,1.1734
2025-12-07 04:14:26 PM BDT,"Dhaka, BD",25.02,47,1013,haze,2.57,144.83,154.64,579.39,2.95,137.41,5,0.2779
2025-12-07 05:11:57 PM BDT,"Dhaka, BD",24.02,53,1014,haze,1.54,151.21,161.96,615.5,5.19,118.27,5,0
2025-12-07 06:28:50 PM BDT,"Dhaka, BD",22.02,64,1015,haze,1.54,159.24,170.84,656.92,7.2,105.35,5,0
2025-12-07 07:21:33 PM BDT,"Dhaka, BD",22.02,64,1016,haze,1.54,149.54,160.79,627.21,7.68,100.45,5,0
2025-12-07 08:13:43 PM BDT,"Dhaka, BD",21.02,68,1016,haze,2.06,159.47,171.93,669.69,8.59,93.27,5,0
2025-12-07 09:13:40 PM BDT,"Dhaka, BD",21.02,68,1016,haze,2.06,170.11,183.63,710.25,8.95,87.44,5,0
2025-12-07 10:17:21 PM BDT,"Dhaka, BD",20.02,73,1016,haze,1.54,178.01,192.34,735.95,8.98,80.25,5,0
2025-12-07 11:12:41 PM BDT,"Dhaka, BD",20.02,73,1016,haze,1.54,185.63,200.75,764.81,9.14,71.65,5,0
2025-12-08 12:20:42 AM BDT,"Dhaka, BD",19.02,72,1015,haze,1.03,192.12,207.25,775.53,8.88,64.19,5,0
2025-12-08 01:11:53 AM BDT,"Dhaka, BD",18.02,77,1015,haze,1.54,197.82,212.84,776.54,8.29,58.53,5,0
2025-12-08 02:16:23 AM BDT,"Dhaka, BD",18.02,77,1015,mist,2.57,204.52,219.3,780.93,7.56,56.35,5,0
2025-12-08 03:12:41 AM BDT,"Dhaka, BD",18.02,77,1015,mist,2.06,211.03,225.45,783.88,6.92,55.12,5,0
2025-12-08 04:14:06 AM BDT,"Dhaka, BD",17.02,82,1014,mist,2.61,216.87,230.93,790.53,6.46,53.88,5,0
2025-12-08 05:14:00 AM BDT,"Dhaka, BD",17.02,82,1015,mist,2.06,223.39,237.3,804.57,6.3,53.66,5,0
2025-12-08 07:15:04 AM BDT,"Dhaka, BD",17.02,82,1016,mist,2.57,231.87,246.53,839.61,7.21,57.54,5,0.1956
2025-12-08 09:18:11 AM BDT,"Dhaka, BD",20.02,77,1017,mist,2.57,230.48,247.02,859.1,8.33,71.63,5,2.5738
2025-12-08 10:29:52 AM BDT,"Dhaka, BD",23.02,73,1018,mist,2.06,233.22,249.48,834.61,6.5,100.2,5,4.5711
2025-12-08 11:18:23 AM BDT,"Dhaka, BD",25.02,61,1017,haze,2.06,234.22,250.48,830.09,5.07,118.69,5,5.3226
2025-12-08 12:27:55 PM BDT,"Dhaka, BD",26.02,44,1015,haze,2.06,233.84,249.7,818.42,3.76,138.31,5,5.3226
2025-12-08 01:20:22 PM BDT,"Dhaka, BD",26.02,41,1014,haze,2.57,184.8,196.33,664.12,2.03,159.4,5,4.324
2025-12-08 02:25:14 PM BDT,"Dhaka, BD",26.02,44,1013,haze,2.06,155.8,165.34,579,1.67,157.11,5,2.5738
2025-12-08 03:23:57 PM BDT,"Dhaka, BD",26.02,47,1012,haze,1.54,147.29,156.41,556.61,1.84,155.59,5,1.0604
2025-12-08 04:18:51 PM BDT,"Dhaka, BD",25.02,50,1012,haze,2.06,149.67,159.75,579.3,3.65,141.63,5,0.2368
2025-12-08 05:14:47 PM BDT,"Dhaka, BD",25.02,50,1013,haze,1.54,157.09,168.77,628.19,6.92,119.64,5,0
2025-12-08 06:33:59 PM BDT,"Dhaka, BD",23.02,60,1014,haze,0,174.03,188.7,741.17,12.12,88.96,5,0
2025-12-08 07:31:43 PM BDT,"Dhaka, BD",22.02,64,1015,haze,0,184.95,199.43,752.14,10.91,101.22,5,0
2025-12-08 08:17:48 PM BDT,"Dhaka, BD",21.02,68,1015,haze,0,184.95,199.43,752.14,10.91,101.22,5,0
2025-12-08 09:18:12 PM BDT,"Dhaka, BD",21.02,73,1015,haze,0,199.55,215.41,807.4,11.34,95.34,5,0
2025-12-08 10:21:39 PM BDT,"Dhaka, BD",20.02,77,1016,haze,2.06,212.14,228.91,844.12,11.11,90.6,5,0
2025-12-08 11:16:38 PM BDT,"Dhaka, BD",20.02,77,1015,haze,0,224.59,241.8,875.89,10.7,87.39,5,0
2025-12-09 12:24:57 AM BDT,"Dhaka, BD",20.02,77,1015,mist,0,234.88,251.58,887.37,9.77,85.33,5,0
2025-12-09 01:13:25 AM BDT,"Dhaka, BD",19.02,77,1015,mist,1.54,242.77,258.8,885.57,8.55,82.24,5,0
2025-12-09 02:18:31 AM BDT,"Dhaka, BD",19.02,77,1014,mist,0,250.71,266.42,888.64,7.6,76.7,5,0
2025-12-09 03:13:50 AM BDT,"Dhaka, BD",18.02,82,1014,mist,1.54,257.35,272.91,890.25,6.92,70.68,5,0
2025-12-09 04:15:24 AM BDT,"Dhaka, BD",18.02,82,1014,mist,0,262.67,278.2,893.38,6.44,64.88,5,0
2025-12-09 05:15:21 AM BDT,"Dhaka, BD",17.02,88,1014,mist,1.54,268.6,284.23,902.41,6.19,60.72,5,0
2025-12-09 07:14:27 AM BDT,"Dhaka, BD",18.02,88,1015,mist,1.54,274.24,291.48,941.01,7.44,52.96,5,0.1956
2025-12-09 09:15:13 AM BDT,"Dhaka, BD",20.02,77,1017,mist,2.06,267.81,287.1,987.13,9.09,58.13,5,2.5743
2025-12-09 10:25:27 AM BDT,"Dhaka, BD",22.02,68,1017,haze,1.54,256.91,274.37,925.91,6.73,94.95,5,4.3249
2025-12-09 11:16:21 AM BDT,"Dhaka, BD",24.02,60,1016,haze,1.54,252.19,269.31,907.2,5.25,113.19,5,5.3237
2025-12-09 12:25:38 PM BDT,"Dhaka, BD",25.02,53,1015,haze,2.06,241.33,257.38,859.41,3.79,131.59,5,5.3237
2025-12-09 01:18:32 PM BDT,"Dhaka, BD",26.02,50,1014,haze,2.06,151.79,161.61,572.46,1.83,145.65,5,4.3249
2025-12-09 02:23:40 PM BDT,"Dhaka, BD",26.02,50,1013,haze,1.54,115.84,123.53,467.49,1.5,142.48,5,2.5743
2025-12-09 03:19:38 PM BDT,"Dhaka, BD",26.02,50,1013,haze,2.57,107.86,115.12,440.75,1.66,140.84,5,1.1739
2025-12-09 04:19:23 PM BDT,"Dhaka, BD",25.02,50,1013,haze,1.54,108.5,116.52,456.21,3.26,130.55,5,0.2368
2025-12-09 05:15:28 PM BDT,"Dhaka, BD",24.02,53,1013,haze,1.03,113.84,123.34,499.59,6.39,112.7,5,0
2025-12-09 06:34:39 PM BDT,"Dhaka, BD",22.02,60,1015,haze,0,126.59,139.19,602.94,11.35,85.67,5,0
2025-12-09 07:32:46 PM BDT,"Dhaka, BD",22.02,60,1015,haze,0,132.3,148.4,686.47,14.64,65.21,5,0
2025-12-09 08:18:02 PM BDT,"Dhaka, BD",21.02,68,1015,haze,0,132.3,148.4,686.47,14.64,65.21,5,0
2025-12-09 09:18:52 PM BDT,"Dhaka, BD",21.02,68,1016,haze,0,144.31,160.88,731.46,14.19,65.2,5,0
2025-12-09 10:22:01 PM BDT,"Dhaka, BD",22.02,64,1016,haze,0,155.76,172.03,755.12,12.89,68.33,5,0
2025-12-09 11:16:40 PM BDT,"Dhaka, BD",19.02,82,1016,haze,0,167.28,183.55,787.01,12.16,68.38,5,0
2025-12-10 12:20:44 AM BDT,"Dhaka, BD",20.02,77,1015,haze,0,176.91,192.57,803.01,11.11,67.96,5,0
2025-12-10 01:12:18 AM BDT,"Dhaka, BD",19.02,82,1015,haze,0,184.82,199.74,807.92,9.7,67.6,5,0
2025-12-10 02:16:41 AM BDT,"Dhaka, BD",18.02,88,1015,mist,0,192.98,207.51,817.73,8.45,66.36,5,0
2025-12-10 03:13:41 AM BDT,"Dhaka, BD",18.02,88,1015,mist,0,199.52,213.78,824.64,7.49,64.02,5,0
2025-12-10 04:16:24 AM BDT,"Dhaka, BD",17.02,88,1014,mist,0,204.46,218.54,827.86,6.75,60.73,5,0
2025-12-10 05:16:04 AM BDT,"Dhaka, BD",17.02,88,1015,mist,0,209.68,223.76,836.15,6.32,57.42,5,0
2025-12-10 07:16:20 AM BDT,"Dhaka, BD",18.02,88,1016,mist,1.54,215.34,230.98,872.06,7.31,49.66,5,0.1957
2025-12-10 09:18:50 AM BDT,"Dhaka, BD",20.02,77,1018,mist,2.06,215.79,233.56,908.96,8.28,58.32,5,2.5748
2025-12-10 10:29:13 AM BDT,"Dhaka, BD",22.02,68,1018,haze,1.03,218.13,234.73,867.5,6.11,94.03,5,4.5729
2025-12-10 11:17:27 AM BDT,"Dhaka, BD",24.02,60,1017,haze,1.54,218.31,234.73,856.72,4.76,112.74,5,5.3247
2025-12-10 12:26:39 PM BDT,"Dhaka, BD",25.02,53,1016,haze,1.54,214.79,230.53,825.31,3.56,131.72,5,5.3247
2025-12-10 01:19:07 PM BDT,"Dhaka, BD",26.02,47,1014,haze,1.54,150.77,161.03,592.05,1.94,152.6,5,4.3257
2025-12-10 02:22:56 PM BDT,"Dhaka, BD",27.02,44,1013,haze,3.09,120.82,129.03,499.25,1.63,151.2,5,2.5748
2025-12-10 03:19:45 PM BDT,"Dhaka, BD",27.02,41,1013,haze,2.06,114.03,121.82,478.32,1.77,149.8,5,1.1741
2025-12-10 04:19:07 PM BDT,"Dhaka, BD",26.02,47,1013,haze,2.06,117.55,126.19,505.16,3.38,138.46,5,0.2369
2025-12-10 05:14:57 PM BDT,"Dhaka, BD",25.02,53,1013,haze,1.54,127.93,138.15,566.01,6.44,119.76,5,0
2025-12-10 06:35:00 PM BDT,"Dhaka, BD",23.02,56,1014,haze,1.03,150.51,163.71,697.6,10.94,95.68,5,0
2025-12-10 07:33:48 PM BDT,"Dhaka, BD",22.02,60,1015,haze,1.54,146.15,160.41,704.25,11.82,87.9,5,0
2025-12-10 08:18:15 PM BDT,"Dhaka, BD",21.02,64,1015,haze,1.54,146.15,160.41,704.25,11.82,87.9,5,0
2025-12-10 09:19:59 PM BDT,"Dhaka, BD",21.02,60,1015,haze,1.54,161.97,177.3,766.68,11.75,84.32,5,0
2025-12-10 10:22:52 PM BDT,"Dhaka, BD",19.02,68,1015,haze,1.03,176.72,192.96,822.53,11.54,79.49,5,0
2025-12-10 11:18:33 PM BDT,"Dhaka, BD",19.02,68,1015,haze,1.03,191.52,208.68,883.28,11.66,72.19,5,0
2025-12-11 12:24:35 AM BDT,"Dhaka, BD",18.02,77,1015,haze,1.54,204.53,221.63,921.69,11.25,65.55,5,0
2025-12-11 01:14:32 AM BDT,"Dhaka, BD",17.02,77,1015,haze,0,216.2,233.01,943.68,10.25,60.26,5,0
2025-12-11 02:19:09 AM BDT,"Dhaka, BD",17.02,82,1014,haze,1.03,228.6,245.31,965.22,9.12,57.07,5,0
2025-12-11 03:17:24 AM BDT,"Dhaka, BD",17.02,88,1014,haze,1.03,239.19,255.86,980.96,8.21,54.43,5,0
2025-12-11 04:16:36 AM BDT,"Dhaka, BD",17.02,88,1014,mist,0.51,247.56,264.23,992.48,7.51,50.97,5,0
2025-12-11 05:13:33 AM BDT,"Dhaka, BD",17.02,88,1014,mist,1.54,255.84,272.58,1008.58,7.13,46.32,5,0
2025-12-11 07:16:53 AM BDT,"Dhaka, BD",17.02,88,1016,mist,1.03,267.2,285.63,1070.33,8.51,36.42,5,0.1957
2025-12-11 09:21:06 AM BDT,"Dhaka, BD",21.02,73,1017,haze,2.06,271.74,292.9,1148.89,10.13,43.33,5,2.5753
2025-12-11 10:31:23 AM BDT,"Dhaka, BD",23.02,60,1017,haze,1.54,264.12,282.04,1019.7,5.53,117.73,5,4.5737
2025-12-11 11:18:53 AM BDT,"Dhaka, BD",25.02,44,1017,haze,2.06,264.12,282.04,1019.7,5.53,117.73,5,5.3257
2025-12-11 12:26:50 PM BDT,"Dhaka, BD",25.02,44,1015,haze,2.06,254.27,271.44,972.68,4.26,134.21,5,5.3257
2025-12-11 01:20:37 PM BDT,"Dhaka, BD",26.02,41,1014,haze,1.54,159.63,170.03,636.27,1.97,150.66,5,4.3265
2025-12-11 02:24:13 PM BDT,"Dhaka, BD",26.02,38,1013,haze,1.54,123.54,131.78,516.44,1.58,147.45,5,2.5753
2025-12-11 03:21:25 PM BDT,"Dhaka, BD",26.02,38,1013,haze,1.54,117.9,125.8,493.39,1.73,146.23,5,1.061
2025-12-11 04:18:59 PM BDT,"Dhaka, BD",25.02,41,1012,haze,2.06,121.68,130.65,518.24,3.52,133.69,5,0.2781
2025-12-11 05:15:14 PM BDT,"Dhaka, BD",24.02,43,1013,haze,0,130.26,140.99,573.63,6.85,112.76,5,0
2025-12-11 06:35:58 PM BDT,"Dhaka, BD",22.02,53,1014,haze,1.03,149.2,163.41,702.63,12.65,82.75,5,0
2025-12-11 07:35:21 PM BDT,"Dhaka, BD",21.02,56,1015,haze,1.03,162.17,178.67,784.01,14.42,70.79,5,0
2025-12-11 08:19:04 PM BDT,"Dhaka, BD",20.02,60,1015,haze,1.54,162.17,178.67,784.01,14.42,70.79,5,0
2025-12-11 09:19:34 PM BDT,"Dhaka, BD",20.02,64,1015,haze,1.03,179.01,198.01,875.46,15.82,60.78,5,0
2025-12-11 10:24:24 PM BDT,"Dhaka, BD",19.02,68,1015,haze,1.54,194.84,215.76,946.01,16.29,53.09,5,0
2025-12-11 11:21:54 PM BDT,"Dhaka, BD",19.02,72,1015,haze,0,210,231.96,1001.95,16.22,47.6,5,0
2025-12-12 12:23:05 AM BDT,"Dhaka, BD",18.02,77,1014,haze,1.03,222.14,243.49,1024.61,15.19,43.69,5,0
2025-12-12 01:16:34 AM BDT,"Dhaka, BD",18.02,77,1014,haze,0,231.87,252.23,1023.44,13.36,41.22,5,0
2025-12-12 02:19:16 AM BDT,"Dhaka, BD",17.02,77,1014,haze,0,241.94,261.48,1026.07,11.52,40.48,5,0
2025-12-12 03:17:40 AM BDT,"Dhaka, BD",17.5,58,1014,clear sky,2.2,250.34,269.22,1022.86,10.03,39.94,5,0
2025-12-12 04:15:45 AM BDT,"Dhaka, BD",17.02,88,1013,mist,1.03,257.33,275.66,1019.64,8.85,38.97,5,0
2025-12-12 05:15:24 AM BDT,"Dhaka, BD",16.02,88,1013,mist,0,264.83,283.01,1023.73,8.1,36.97,5,0
2025-12-12 07:16:46 AM BDT,"Dhaka, BD",15.02,88,1015,mist,0,276.32,296.68,1074.66,9.39,29.65,5,0.1958
2025-12-12 09:19:30 AM BDT,"Dhaka, BD",22.02,64,1016,haze,0,276.99,300.44,1147.11,11.21,37.62,5,2.5758
2025-12-12 10:29:51 AM BDT,"Dhaka, BD",24.02,53,1017,haze,2.57,258.18,277.15,986.14,7.44,99.46,5,4.5745
2025-12-12 11:17:50 AM BDT,"Dhaka, BD",25.02,47,1016,haze,2.57,250.4,268.51,942.89,5.65,120.03,5,5.3267
2025-12-12 12:25:59 PM BDT,"Dhaka, BD",26.02,44,1014,haze,2.57,248.78,266.89,932.93,4.53,134.8,5,5.3267
2025-12-12 01:19:43 PM BDT,"Dhaka, BD",26.02,38,1013,haze,2.57,149.65,159.53,570.86,2.09,154.12,5,4.3273
2025-12-12 02:23:45 PM BDT,"Dhaka, BD",27.02,36,1012,haze,1.54,115.73,123.43,460.47,1.65,151.35,5,2.5758
2025-12-12 03:20:35 PM BDT,"Dhaka, BD",26.02,36,1011,haze,1.54,109.25,116.64,438.93,1.81,150.25,5,1.1745
2025-12-12 04:17:42 PM BDT,"Dhaka, BD",26.02,36,1012,haze,1.54,108.44,117.48,469.19,4.31,129.65,5,0.2782
2025-12-12 05:15:49 PM BDT,"Dhaka, BD",24.02,43,1012,haze,1.54,113.35,125.36,534.68,9.13,99.72,5,0
2025-12-12 06:34:52 PM BDT,"Dhaka, BD",23.02,46,1013,haze,0,126.69,145.17,684.41,17.07,63.41,5,0
2025-12-12 07:31:19 PM BDT,"Dhaka, BD",22.02,56,1014,haze,0,135.02,157.85,760.64,18.79,57.46,5,0
2025-12-12 08:16:03 PM BDT,"Dhaka, BD",20.02,68,1014,haze,0,135.02,157.85,760.64,18.79,57.46,5,0
2025-12-12 09:17:51 PM BDT,"Dhaka, BD",21.02,68,1015,haze,0,143.8,168.89,827.22,19.29,49.78,5,0
2025-12-12 10:19:57 PM BDT,"Dhaka, BD",20.02,68,1015,haze,0,150.11,176.04,873.28,19.16,43.01,5,0
2025-12-12 11:15:26 PM BDT,"Dhaka, BD",20.02,68,1015,haze,1.54,156.21,182.24,912.34,19.17,38.24,5,0
2025-12-13 12:25:12 AM BDT,"Dhaka, BD",19.02,72,1014,haze,1.54,160,184.45,920.97,18.48,35.68,5,0
2025-12-13 01:13:57 AM BDT,"Dhaka, BD",19.02,72,1014,haze,1.54,161.02,183.13,903.6,16.66,34.68,5,0
2025-12-13 02:17:56 AM BDT,"Dhaka, BD",19.02,77,1014,mist,1.54,161.95,181.88,884.23,14.67,34.61,5,0
2025-12-13 03:14:11 AM BDT,"Dhaka, BD",19.02,68,1014,mist,1.54,161.33,179.16,860.43,12.87,35.39,5,0
2025-12-13 04:15:35 AM BDT,"Dhaka, BD",16.02,77,1014,mist,0,158.46,174.42,826.28,11.05,36.61,5,0
2025-12-13 05:15:35 AM BDT,"Dhaka, BD",17.02,77,1014,mist,0,155.81,170.79,798.62,9.68,35.48,5,0
2025-12-13 07:12:23 AM BDT,"Dhaka, BD",16.02,77,1015,mist,0,151.29,167.19,787.92,9.5,29,5,0.1649
2025-12-13 09:12:32 AM BDT,"Dhaka, BD",22.02,56,1017,haze,2.06,145.03,162.62,799.63,8.85,36.3,5,2.3907
2025-12-13 10:21:28 AM BDT,"Dhaka, BD",24.02,50,1017,haze,2.57,130.49,143.56,626.67,6.06,86.71,5,4.328
2025-12-13 11:16:44 AM BDT,"Dhaka, BD",26.02,47,1016,haze,2.57,128.87,141.36,584.82,4.42,107.35,5,5.3276
2025-12-13 12:23:36 PM BDT,"Dhaka, BD",28.02,42,1014,haze,2.57,132.15,144.84,581.22,3.37,123.02,5,5.3276
2025-12-13 01:15:06 PM BDT,"Dhaka, BD",28.02,39,1013,haze,2.06,84,90.5,344.45,1.89,145.04,5,4.328
2025-12-13 02:19:45 PM BDT,"Dhaka, BD",28.02,36,1012,haze,2.06,62.23,67.13,281.55,1.49,140.95,4,2.5762
2025-12-13 03:15:10 PM BDT,"Dhaka, BD",27.02,41,1012,haze,2.57,57.33,61.99,269.33,1.58,138.99,4,1.1747
2025-12-13 04:15:21 PM BDT,"Dhaka, BD",27.02,41,1012,haze,2.57,61.06,67.15,293.29,3.58,128.87,4,0.2782
2025-12-13 05:12:25 PM BDT,"Dhaka, BD",25.02,47,1012,haze,2.57,70.35,79.05,346.34,7.81,120.32,4,0
2025-12-13 06:29:57 PM BDT,"Dhaka, BD",24.02,53,1013,haze,2.06,78.11,89.6,409.82,11.94,114.45,5,0
2025-12-13 07:23:30 PM BDT,"Dhaka, BD",23.02,53,1014,haze,1.54,67.69,81.49,443.46,14.22,77.39,4,0
2025-12-13 08:14:11 PM BDT,"Dhaka, BD",22.02,60,1014,haze,2.57,75.81,92.4,504.86,15.71,70.12,5,0
2025-12-13 09:14:37 PM BDT,"Dhaka, BD",22.02,60,1015,haze,0,85.22,103.66,559.94,16.21,62.7,5,0
2025-12-13 10:18:27 PM BDT,"Dhaka, BD",20.02,77,1016,haze,0,92.96,112.11,598.02,15.93,54.02,5,0
2025-12-13 11:13:47 PM BDT,"Dhaka, BD",22.02,60,1015,haze,0,99.68,118.56,626.79,15.44,47.51,5,0
2025-12-14 12:20:32 AM BDT,"Dhaka, BD",20.02,68,1015,haze,0,103.55,120.66,628,14.16,42.96,5,0
2025-12-14 01:11:51 AM BDT,"Dhaka, BD",20.02,68,1015,haze,0,104.82,119.8,611.48,12.29,39.9,5,0
2025-12-14 02:16:48 AM BDT,"Dhaka, BD",20.02,64,1015,haze,1.54,104.67,118.05,592.47,10.57,38.97,5,0
2025-12-14 03:13:14 AM BDT,"Dhaka, BD",18.45,53,1014,clear sky,2.9,102.26,114.42,568.31,9.12,40.03,5,0
2025-12-14 04:14:21 AM BDT,"Dhaka, BD",17.02,77,1014,haze,0,97.89,109.07,536.85,7.78,42.12,5,0
2025-12-14 05:14:39 AM BDT,"Dhaka, BD",16.02,82,1015,haze,0,93.98,104.89,518.56,7.05,39.98,5,0
2025-12-14 07:21:43 AM BDT,"Dhaka, BD",18.02,72,1016,haze,0,88.15,100.47,529.56,7.75,31.23,5,0.237
2025-12-14 09:25:09 AM BDT,"Dhaka, BD",24.02,50,1018,haze,1.03,81.37,94.55,544.07,7.35,38.49,5,2.5766
2025-12-14 10:33:02 AM BDT,"Dhaka, BD",25.02,44,1017,haze,1.54,73.08,83.08,430.86,4.31,92.94,4,4.576
2025-12-14 11:15:54 AM BDT,"Dhaka, BD",27.02,39,1017,haze,1.54,73.08,83.08,430.86,4.31,92.94,4,5.3284
2025-12-14 12:23:24 PM BDT,"Dhaka, BD",28.02,36,1015,haze,1.03,76.08,86.05,428.13,3.2,111.61,5,5.3284
2025-12-14 01:15:17 PM BDT,"Dhaka, BD",28.02,36,1014,haze,1.54,39.63,44,244.26,1.76,127.56,3,4.3287
2025-12-14 02:20:01 PM BDT,"Dhaka, BD",28.02,36,1013,haze,2.06,31.35,34.52,205.66,1.34,125.48,3,2.5766
2025-12-14 03:15:30 PM BDT,"Dhaka, BD",28.02,36,1013,haze,2.06,30.67,33.71,200.82,1.38,125.67,3,1.1749
2025-12-14 04:16:01 PM BDT,"Dhaka, BD",27.02,39,1012,haze,1.54,32.99,37.53,227.53,3.16,109.6,3,0.2783
2025-12-14 05:12:31 PM BDT,"Dhaka, BD",26.02,41,1012,haze,1.54,36.57,43.69,277.68,6.86,85.61,3,0
2025-12-14 06:30:11 PM BDT,"Dhaka, BD",23.02,53,1014,haze,1.54,43.53,56.21,388.94,13.16,55.54,3,0
2025-12-14 07:23:44 PM BDT,"Dhaka, BD",23.02,56,1014,haze,2.06,38.05,49.34,352.04,11.91,58.36,3,0
2025-12-14 08:14:22 PM BDT,"Dhaka, BD",22.02,60,1014,haze,1.54,41.61,55.2,399.37,13.02,50.44,3,0
2025-12-14 09:14:56 PM BDT,"Dhaka, BD",22.02,60,1015,haze,2.06,45.37,60.39,440.22,13.34,44.23,3,0
2025-12-14 10:18:11 PM BDT,"Dhaka, BD",21.02,64,1015,haze,0,48.23,63.81,468.31,13.12,39.06,3,0
2025-12-14 11:13:22 PM BDT,"Dhaka, BD",21.02,64,1015,haze,2.06,50.72,65.83,483.08,12.74,36.78,4,0
2025-12-15 12:21:37 AM BDT,"Dhaka, BD",20.02,68,1015,haze,1.54,52.32,65.75,474.68,11.72,37.6,4,0
2025-12-15 01:12:18 AM BDT,"Dhaka, BD",20.02,100,1015,haze,1.54,54.48,66.33,459.15,10.29,40.7,4,0
2025-12-15 02:17:11 AM BDT,"Dhaka, BD",18.02,82,1015,haze,2.57,57.12,68.39,457.22,9.26,40.91,4,0
2025-12-15 03:14:19 AM BDT,"Dhaka, BD",18.02,77,1014,haze,2.06,59.92,71.04,459.66,8.47,39.8,4,0
2025-12-15 04:14:37 AM BDT,"Dhaka, BD",18.02,77,1014,haze,2.06,62.54,73.74,463.17,7.8,37.54,4,0
2025-12-15 05:14:11 AM BDT,"Dhaka, BD",18.02,77,1014,haze,2.06,65.69,77.13,473.61,7.47,34.26,4,0
2025-12-15 07:19:00 AM BDT,"Dhaka, BD",18.02,82,1016,haze,0,73.17,87.21,532.01,8.98,26.86,4,0.1959
2025-12-15 09:26:24 AM BDT,"Dhaka, BD",23.02,60,1017,haze,0,78.27,94.51,590.86,9.05,34.49,5,2.577
2025-12-15 10:36:03 AM BDT,"Dhaka, BD",25.02,50,1017,haze,1.54,79.82,91.17,456.72,4.84,95.49,5,4.5767
2025-12-15 11:21:18 AM BDT,"Dhaka, BD",26.02,44,1017,haze,2.57,79.82,91.17,456.72,4.84,95.49,5,5.3292
2025-12-15 12:28:38 PM BDT,"Dhaka, BD",26.02,41,1016,haze,1.03,84.3,95.44,454.77,3.64,112.09,5,5.3292
2025-12-15 01:20:48 PM BDT,"Dhaka, BD",27.02,41,1015,haze,1.54,55.3,61.24,285.95,1.63,132.11,4,4.3293
2025-12-15 02:26:09 PM BDT,"Dhaka, BD",27.02,41,1014,haze,2.06,47.09,51.78,244.22,1.32,132.93,3,2.577
2025-12-15 03:27:13 PM BDT,"Dhaka, BD",27.02,41,1013,haze,2.06,46.42,50.97,240.24,1.45,132.99,3,0.9483
2025-12-15 04:20:45 PM BDT,"Dhaka, BD",26.02,44,1013,haze,2.06,49.2,55,266.87,3.27,120.43,3,0.2371
2025-12-15 05:15:27 PM BDT,"Dhaka, BD",25.02,47,1013,haze,1.54,53.92,61.9,319.52,7.01,98.9,4,0
2025-12-15 06:36:58 PM BDT,"Dhaka, BD",24.02,50,1014,haze,1.54,64.8,77.4,447.56,13.47,68.36,4,0
2025-12-15 07:37:45 PM BDT,"Dhaka, BD",22.02,56,1015,haze,1.54,72.71,88.08,519.83,15.26,58.62,4,0
2025-12-15 08:20:48 PM BDT,"Dhaka, BD",21.02,64,1015,haze,1.03,71.76,83.9,454,11.89,76.55,4,0
2025-12-15 09:20:34 PM BDT,"Dhaka, BD",21.02,68,1015,haze,1.03,80.52,94.33,509.92,12.84,70.27,5,0
2025-12-15 10:23:50 PM BDT,"Dhaka, BD",20.02,73,1015,haze,1.54,89.15,104.22,556.94,13.14,64.56,5,0
2025-12-15 11:21:05 PM BDT,"Dhaka, BD",20.02,73,1015,haze,1.54,97.87,113.64,597.01,13.22,59.92,5,0
2025-12-16 12:25:28 AM BDT,"Dhaka, BD",20.02,73,1014,haze,2.06,105.35,120.47,610.33,12.39,57.72,5,0
2025-12-16 01:16:21 AM BDT,"Dhaka, BD",20.02,73,1015,haze,1.03,111.92,126.29,611.9,11.03,55.27,5,0
2025-12-16 02:18:43 AM BDT,"Dhaka, BD",18.02,82,1014,haze,1.03,118.55,132.62,620.61,9.92,50.69,5,0
2025-12-16 03:15:35 AM BDT,"Dhaka, BD",18.02,82,1014,mist,1.54,124.27,138.26,630.06,9.11,46.18,5,0
2025-12-16 04:16:11 AM BDT,"Dhaka, BD",18.02,82,1013,mist,1.03,129.94,143.92,640.48,8.46,42.53,5,0
2025-12-16 05:15:56 AM BDT,"Dhaka, BD",18.02,82,1014,mist,1.03,136.42,150.43,656.99,8.13,40.72,5,0
2025-12-16 07:17:44 AM BDT,"Dhaka, BD",17.02,88,1015,mist,1.03,148.45,164.18,720.51,9.6,36.99,5,0.1959
2025-12-16 09:20:56 AM BDT,"Dhaka, BD",20.02,77,1017,mist,2.06,152.56,170.81,793.67,10.69,40.69,5,2.3918
2025-12-16 10:32:05 AM BDT,"Dhaka, BD",22.02,68,1016,haze,1.54,148.61,163.83,686.75,5.87,102.29,5,4.3299
2025-12-16 11:18:39 AM BDT,"Dhaka, BD",24.02,60,1016,haze,1.54,148.61,163.83,686.75,5.87,102.29,5,5.33
2025-12-16 12:26:38 PM BDT,"Dhaka, BD",26.02,47,1014,haze,1.54,150.31,165.04,672.24,4.21,122.18,5,5.33
2025-12-16 01:20:04 PM BDT,"Dhaka, BD",26.02,44,1013,haze,2.06,101.47,110.34,453.39,1.9,144.51,5,4.3299
2025-12-16 02:24:11 PM BDT,"Dhaka, BD",26.02,44,1013,haze,2.06,85.39,92.66,393.71,1.54,145.63,5,2.5773
2025-12-16 03:22:04 PM BDT,"Dhaka, BD",26.02,44,1012,haze,2.06,83.94,91.07,391.6,1.71,147.19,5,1.0619
2025-12-16 04:19:51 PM BDT,"Dhaka, BD",25.02,47,1012,haze,2.06,87.63,95.92,422.21,3.54,134.3,5,0.2784
2025-12-16 05:15:28 PM BDT,"Dhaka, BD",24.02,53,1013,haze,2.06,94.82,105.11,477.72,7.14,112.44,5,0
2025-12-16 06:35:45 PM BDT,"Dhaka, BD",23.02,56,1014,haze,1.54,111.29,125.84,608.61,13.23,83.59,5,0
2025-12-16 07:35:22 PM BDT,"Dhaka, BD",22.02,56,1015,haze,1.54,106.7,121.51,611.49,13.53,77.63,5,0
2025-12-16 08:19:40 PM BDT,"Dhaka, BD",22.02,60,1015,haze,2.06,106.7,121.51,611.49,13.53,77.63,5,0
2025-12-16 09:19:41 PM BDT,"Dhaka, BD",20.02,68,1015,haze,0,117.85,134.01,667.04,13.97,74.1,5,0
2025-12-16 10:22:20 PM BDT,"Dhaka, BD",19.02,68,1016,haze,0,128.65,145.79,714.56,13.88,70.27,5,0
2025-12-16 11:19:50 PM BDT,"Dhaka, BD",19.02,72,1015,haze,1.54,139.89,157.61,759.72,13.69,66.54,5,0
2025-12-17 12:25:12 AM BDT,"Dhaka, BD",19.02,72,1015,haze,0,150,167.07,776.68,12.56,65.75,5,0
2025-12-17 01:16:21 AM BDT,"Dhaka, BD",19.02,68,1015,haze,0,158.34,174.53,776.46,10.85,66.01,5,0
2025-12-17 02:19:18 AM BDT,"Dhaka, BD",18.02,72,1015,haze,2.06,166.43,182.1,783.05,9.42,64.74,5,0
2025-12-17 03:16:38 AM BDT,"Dhaka, BD",17.02,77,1014,haze,1.54,173.2,188.44,790.39,8.33,62.14,5,0
2025-12-17 04:16:06 AM BDT,"Dhaka, BD",17.02,82,1014,haze,1.03,178.67,193.5,793.53,7.51,59.08,5,0
2025-12-17 05:15:15 AM BDT,"Dhaka, BD",17.02,88,1015,mist,1.54,184.07,198.59,801.24,7,57.6,5,0
2025-12-17 07:12:50 AM BDT,"Dhaka, BD",17.02,88,1016,mist,2.06,189.02,204.09,830.84,7.71,55.26,5,0.134
2025-12-17 09:16:33 AM BDT,"Dhaka, BD",21.02,73,1018,haze,2.06,181.53,198.27,857.04,9.34,58.15,5,2.3921
2025-12-17 10:29:23 AM BDT,"Dhaka, BD",23.02,60,1018,haze,2.06,169.74,184.96,780.88,7.12,86.69,5,4.3305
2025-12-17 11:18:45 AM BDT,"Dhaka, BD",25.02,53,1017,haze,2.57,163.19,178.04,750.97,5.69,102.79,5,5.3307
2025-12-17 12:26:30 PM BDT,"Dhaka, BD",26.02,47,1015,haze,2.57,153.99,167.88,699.99,4.14,122.17,5,5.3307
2025-12-17 01:19:14 PM BDT,"Dhaka, BD",26.02,44,1014,haze,2.57,100.31,108.67,452.83,2.02,143.53,5,4.3305
2025-12-17 02:23:58 PM BDT,"Dhaka, BD",26.02,25,1013,haze,2.57,80.7,87.25,368.29,1.59,143.71,5,2.5777
2025-12-17 03:23:17 PM BDT,"Dhaka, BD",26.02,47,1013,haze,2.06,75.23,81.42,348.11,1.69,142.97,5,1.062
2025-12-17 04:19:38 PM BDT,"Dhaka, BD",26.02,47,1013,haze,2.57,75.47,82.56,365.93,3.29,132.23,5,0.2784
2025-12-17 05:15:40 PM BDT,"Dhaka, BD",24.02,53,1013,haze,2.06,80.53,89.25,412.1,6.32,113.62,5,0
2025-12-17 06:35:45 PM BDT,"Dhaka, BD",23.02,60,1015,haze,2.57,91.98,103.74,516.08,11.09,87.67,5,0
2025-12-17 07:30:32 PM BDT,"Dhaka, BD",23.02,60,1015,haze,2.57,91.42,107.33,588.05,14.78,65.4,5,0
2025-12-17 08:17:32 PM BDT,"Dhaka, BD",21.02,73,1015,haze,2.57,91.42,107.33,588.05,14.78,65.4,5,0
2025-12-17 09:18:24 PM BDT,"Dhaka, BD",20.02,77,1016,haze,2.06,97.5,112.97,611.18,13.83,66.1,5,0
2025-12-17 10:21:43 PM BDT,"Dhaka, BD",20.02,77,1016,haze,2.06,101.56,115.18,587.48,10.99,76.29,5,0
2025-12-17 11:19:46 PM BDT,"Dhaka, BD",20.02,77,1015,haze,2.57,105.51,118.81,597.91,10.04,76.35,5,0
2025-12-18 12:25:54 AM BDT,"Dhaka, BD",19.02,77,1015,haze,2.06,108.13,120.82,601.11,9.23,74.06,5,0
2025-12-18 01:16:30 AM BDT,"Dhaka, BD",19.02,77,1015,haze,2.06,109.96,122.07,600.54,8.33,70.27,5,0
2025-12-18 02:19:00 AM BDT,"Dhaka, BD",18.02,82,1014,haze,1.03,112.07,123.94,604.93,7.59,65.75,5,0
2025-12-18 03:16:13 AM BDT,"Dhaka, BD",17.02,88,1014,haze,0,113.4,125.22,607.87,7.03,61.02,5,0
2025-12-18 04:15:55 AM BDT,"Dhaka, BD",17.02,88,1014,mist,2.06,113.81,125.82,613.13,6.73,53.52,5,0
2025-12-18 05:15:39 AM BDT,"Dhaka, BD",17.02,88,1014,mist,1.54,115.4,127.85,628.02,6.78,44.47,5,0
2025-12-18 07:13:37 AM BDT,"Dhaka, BD",16.02,88,1016,mist,1.54,119.47,134.97,696.39,9.09,28.54,5,0.165
2025-12-18 09:17:24 AM BDT,"Dhaka, BD",22.02,73,1017,mist,1.54,119.51,137.87,775.9,9.47,29.15,5,2.3924
2025-12-18 10:30:28 AM BDT,"Dhaka, BD",24.02,57,1017,haze,2.06,105.15,117.51,594.06,5.4,91.83,5,4.331
2025-12-18 11:19:09 AM BDT,"Dhaka, BD",26.02,50,1017,haze,2.06,105.15,117.51,594.06,5.4,91.83,5,5.0735
2025-12-18 12:26:32 PM BDT,"Dhaka, BD",27.02,41,1015,haze,2.06,105.53,117.5,563.08,3.95,114.56,5,5.3313
2025-12-18 01:18:55 PM BDT,"Dhaka, BD",28.02,39,1014,haze,2.06,52.97,58.57,306.6,1.92,123.97,4,4.331
2025-12-18 02:23:25 PM BDT,"Dhaka, BD",28.02,39,1013,haze,2.06,40.59,44.66,242.89,1.49,119.9,3,2.578
2025-12-18 03:22:08 PM BDT,"Dhaka, BD",28.02,39,1013,haze,1.54,38.82,42.7,233.86,1.57,119.45,3,1.1756
2025-12-18 04:18:00 PM BDT,"Dhaka, BD",27.02,41,1012,haze,1.54,41.22,47,268.05,4.03,109.74,3,0.2784
2025-12-18 05:15:03 PM BDT,"Dhaka, BD",26.02,47,1012,haze,1.03,46.59,55.79,336.7,9.43,99.28,3,0
2025-12-18 06:34:26 PM BDT,"Dhaka, BD",25.02,50,1014,haze,1.54,58.45,75.05,491.38,18.55,79.47,4,0
2025-12-18 07:32:58 PM BDT,"Dhaka, BD",22.02,68,1015,haze,0,65.36,85.52,563.6,20.04,69.4,4,0
2025-12-18 08:18:26 PM BDT,"Dhaka, BD",22.02,68,1015,haze,0,63.23,83.55,555.72,19.63,54.55,4,0
2025-12-18 09:18:32 PM BDT,"Dhaka, BD",21.02,78,1015,haze,1.03,69.18,92.07,614.08,19.73,44.76,4,0
2025-12-18 10:23:31 PM BDT,"Dhaka, BD",20.02,77,1015,haze,0,73.37,97.59,654.28,19.05,36.48,4,0
2025-12-18 11:19:37 PM BDT,"Dhaka, BD",20.02,83,1015,haze,0,77.69,102.75,686.18,18.84,32.07,5,0
2025-12-19 12:24:59 AM BDT,"Dhaka, BD",20.02,77,1014,haze,0,80.62,105.1,690.68,18.44,30.28,5,0
2025-12-19 01:14:58 AM BDT,"Dhaka, BD",20.02,77,1014,haze,0,82.68,105.92,680.92,17.4,29.67,5,0
2025-12-19 02:16:46 AM BDT,"Dhaka, BD",19.02,77,1013,haze,1.54,85.01,107.36,675.76,15.95,27.56,5,0
2025-12-19 03:14:18 AM BDT,"Dhaka, BD",18.02,82,1013,haze,0,86.94,108.41,669.87,14.42,24.51,5,0
2025-12-19 04:15:41 AM BDT,"Dhaka, BD",18.02,88,1013,haze,1.54,88.13,108.4,662.56,12.93,21.45,5,0
2025-12-19 05:15:44 AM BDT,"Dhaka, BD",18.02,88,1013,haze,0,89.31,108.35,658.94,11.71,19.11,5,0
2025-12-19 07:16:56 AM BDT,"Dhaka, BD",17.02,88,1015,mist,0,91.37,110.53,690.83,11.7,13.76,5,0.165
2025-12-19 09:20:22 AM BDT,"Dhaka, BD",23.02,60,1016,haze,2.06,92.16,113.02,757.69,10.33,21.94,5,2.3927
2025-12-19 10:30:42 AM BDT,"Dhaka, BD",24.02,60,1015,haze,1.54,92.09,105.1,553.44,5.73,95.41,5,4.3315
2025-12-19 11:18:03 AM BDT,"Dhaka, BD",26.02,50,1015,haze,1.54,92.09,105.1,553.44,5.73,95.41,5,5.0741
2025-12-19 12:25:58 PM BDT,"Dhaka, BD",27.02,44,1013,haze,1.54,97.67,110.55,548.18,4.32,117.16,5,5.3319
2025-12-19 01:18:08 PM BDT,"Dhaka, BD",27.02,18,1012,haze,3.09,63.94,70.56,334.31,2.06,133.9,4,4.3315
